,Integer_id,Image_id,Product_id,Prdtypecode
0,0,1193217616,3136702026,2583
1,1,1323615566,4231863665,1920
2,2,1158121321,2695198357,2583
3,3,1096607258,1657064583,2585
4,4,1303625028,4159071068,2522
5,5,872411642,117460100,2280
6,6,780366840,62043659,10
7,7,921306268,150373667,2280
8,8,1263756226,3921311595,1920
9,9,1302522114,4155420525,2583
10,10,1215423738,3470142619,1160
11,11,1274515916,3828453339,2583
12,12,1156541598,2672475049,2705
13,13,1119065445,1992240736,2280
14,14,1252394855,3848759415,1560
15,15,1031310287,608018694,10
16,16,1317265056,4210987931,2583
17,17,1278794386,4037083728,1920
18,18,1295220248,4125633003,2583
19,19,1261410085,3898722443,2583
20,20,1304064245,4160930707,2522
21,21,1307139972,4170738357,2583
22,22,1101763689,1777742719,1302
23,23,1067851568,1180906167,2583
24,24,1190252801,2887023744,2583
25,25,1317904201,4215692933,2522
26,26,1311424207,4187120806,2583
27,27,1007266658,433534224,2280
28,28,1116847855,1965615556,2583
29,29,1213134950,1940509493,1160
30,30,1192175600,3119850708,2583
31,31,1298336525,4131019935,2280
32,32,1295948554,4127724585,1920
33,33,1014678982,473950274,2280
34,34,1313994287,4201218281,2522
35,35,1318310304,3339871211,1160
36,36,1088713084,1542581187,1302
37,37,1257602834,3881714672,1920
38,38,1248845796,3817902410,1160
39,39,1156925925,2678802114,2583
40,40,1324189062,4236297305,2583
41,41,292178455,4746822,2280
42,42,1125025718,2087957246,1302
43,43,1283557944,104715088,2705
44,44,1060803883,620510095,2280
45,45,1005933394,418876023,1160
46,46,1151543989,2585328501,2280
47,47,1116343159,1959619767,1160
48,48,1328686212,4250700383,2522
49,49,1267989831,3945013243,2585
50,50,1289623898,4086146108,1560
51,51,1319965796,4215293012,2585
52,52,1156939799,2667270290,2583
53,53,1168290828,2855967916,1160
54,54,1278094492,3899336470,40
55,55,1244990669,3787994765,2280
56,56,1195520695,3171064717,10
57,57,1254468067,3861761234,1560
58,58,1308391581,4176108028,2583
59,59,1032428468,622613608,2583
60,60,1033945840,670581300,2522
61,61,1013749786,470031679,2583
62,62,1118448962,1984459292,2280
63,63,1170007863,2889923362,1302
64,64,1184629065,3016351458,1160
65,65,1247292704,3802558030,2280
66,66,1053595638,1035142842,1160
67,67,1314433886,4202302761,2280
68,68,1263429418,3917858137,1160
69,69,1213640948,3451385374,2280
70,70,1317318974,4210971805,1302
71,71,888682501,134865315,1160
72,72,1054671468,1043714604,1280
73,73,1066919410,875461715,2280
74,74,1209406103,3376821631,1160
75,75,1209404857,3376805400,2522
76,76,1060961928,1095517826,2585
77,77,1216087534,3477299324,1160
78,78,1261573886,3900590107,1560
79,79,1153318102,2625257217,1560
80,80,1141816930,2433674567,1160
81,81,961783742,218406290,2280
82,82,1253519589,3857173124,2583
83,83,450649330,50290078,2280
84,84,1273759803,3992793605,2220
85,85,1295220314,4125633108,2583
86,86,1316317699,4200885065,50
87,87,1253159420,3855208114,1300
88,88,1182184092,3005788192,1920
89,89,1233492860,3680233350,2280
90,90,1284128432,4063415946,1920
91,91,1311399472,4187115772,2705
92,92,1158121253,2695198127,2583
93,93,1178210432,2982329445,2583
94,94,1192404459,3128153239,1160
95,95,954360583,218391561,1160
96,96,869555928,113521790,2280
97,97,1075758362,1352145806,2583
98,98,849774024,46521536,2280
99,99,1116549378,1962056098,2522
100,100,1309515674,4180968294,2583
101,101,1295960794,4128438424,2583
102,102,1276846293,4017326200,2403
103,103,1268711747,3951838302,1302
104,104,1132432202,2226050703,2583
105,105,1255336412,3868419698,2280
106,106,1306702104,4169256603,1302
107,107,856657490,90038386,1140
108,108,1156134172,2650760178,1160
109,109,1294104918,4122227237,1300
110,110,1176099340,2954029639,1560
111,111,1127277922,2117415186,2060
112,112,1068442977,1194164374,2583
113,113,1240525683,3748204408,1140
114,114,874538300,109422166,2280
115,115,1250258628,3831236647,2583
116,116,50858930,1924952,2280
117,117,1075711256,1351973078,2583
118,118,1227558114,3612043504,1140
119,119,968651919,252473893,1140
120,120,1010523467,447626835,2403
121,121,986930915,293302398,2583
122,122,1108365016,1875756839,2280
123,123,1250251091,3831234615,1300
124,124,1027369435,570732132,2280
125,125,1280472330,4045003903,1560
126,126,290421959,17296987,1160
127,127,1026150652,560212622,1160
128,128,1141167945,2425679521,2522
129,129,1287249073,4077172451,2585
130,130,1261107555,3897941751,1160
131,131,1138561426,2359794679,2583
132,132,1173486046,2928460064,2403
133,133,1048958470,402660973,1140
134,134,1260337255,3893243037,1302
135,135,964316655,246578938,1160
136,136,1121420231,2035478948,2583
137,137,1077132458,143850451,10
138,138,1223358825,3573585895,1302
139,139,1328535905,4250644662,10
140,140,873746609,119537542,2280
141,141,1258691353,3886349508,2582
142,142,1265096177,3929344150,1560
143,143,936910317,196994885,2060
144,144,1013688434,468980647,10
145,145,1122248670,876635995,2705
146,146,931221250,185593615,2522
147,147,1079793223,1434659883,2585
148,148,1094827377,1626015608,2280
149,149,1076453146,257942311,2522
150,150,1307347219,4171370596,2280
151,151,1314415703,4202302377,2280
152,152,1193039713,3136652577,1160
153,153,1317213337,4211712741,40
154,154,1215511062,3470054264,2280
155,155,1111665878,1913159262,2705
156,156,834937370,63566254,2280
157,157,1157273718,2683454268,2280
158,158,1029210534,590496333,2583
159,159,1094644378,1625624952,2280
160,160,1315079891,4187132696,2585
161,161,1124352947,1600143918,10
162,162,1257255273,3879901487,1160
163,163,1129176698,2164226350,2522
164,164,1304741323,4163672374,2280
165,165,1115652681,1946673728,2280
166,166,1323996253,4235886695,1302
167,167,862581852,102704451,2522
168,168,1291156046,4100731251,10
169,169,1103013588,1812739947,1160
170,170,1248695594,3817387945,1302
171,171,1101103055,1750543659,1160
172,172,1191173990,3103252184,2280
173,173,1028858478,587743933,2280
174,174,1112165200,1921327829,2280
175,175,1230498891,3638923939,2280
176,176,1169768337,2883118125,2583
177,177,1289682087,4086151912,1160
178,178,1328582808,4250646119,1300
179,179,933245076,190101189,2280
180,180,1288663517,4084428334,2280
181,181,1011195257,448997783,2280
182,182,1260349817,3893243949,2583
183,183,1247515510,3811185997,2583
184,184,983104360,287127440,2280
185,185,1192587983,3128659401,2280
186,186,1276306797,4012720862,2583
187,187,1174585644,2940638516,1560
188,188,1132343614,2224028504,1160
189,189,1241846051,3760786544,1302
190,190,990058240,67469752,2705
191,191,1188034790,3060686638,1160
192,192,977557947,278414121,2705
193,193,850094560,77861453,2280
194,194,1305133072,4164670891,2522
195,195,1276432729,4013273138,1160
196,196,1246095619,3797081048,1560
197,197,1316302841,4200883178,50
198,198,991801520,299492851,40
199,199,1223586982,3582305568,1560
200,200,1252619017,3850030389,1300
201,201,1094744278,1553255341,1560
202,202,1254778631,3237485224,2522
203,203,1162005441,2746346839,2280
204,204,1124536562,2071805885,2280
205,205,1137057436,2329418780,1160
206,206,1244540451,3785187465,2583
207,207,1311915922,4189057745,2583
208,208,1190251168,2041885674,2583
209,209,1209337899,3928358562,1560
210,210,1223247677,3579831374,2583
211,211,1294843991,4124437770,1560
212,212,1027092726,569657699,2280
213,213,1286439154,4072917298,1140
214,214,1154380428,2635183074,1160
215,215,1298767016,4139503746,1280
216,216,1245967412,3795862194,1560
217,217,1248180266,3814517043,2583
218,218,907508446,152403724,2280
219,219,983053131,287170245,2583
220,220,1231468587,3650131552,2280
221,221,1254463335,3861760962,2060
222,222,1265214104,3929900494,1560
223,223,1108185682,1871131416,2583
224,224,1192049377,3120597036,1560
225,225,1223576790,3582299794,1560
226,226,1013197553,464648569,1140
227,227,1306540600,4167076020,2522
228,228,1290401558,4093238775,1920
229,229,1041532277,829785523,2522
230,230,1260342056,3893243186,1302
231,231,1266353312,3934410390,2280
232,232,1049250676,950603967,2280
233,233,1127686702,2128712165,2522
234,234,1239331921,3737150983,2060
235,235,1258523822,3885604886,1300
236,236,1076353407,1361968727,2522
237,237,1283449420,4061578368,2583
238,238,1265300260,3930244177,2583
239,239,1133061328,2241871164,10
240,240,1136209016,2323052845,2583
241,241,572771,996055,2280
242,242,1265224071,3929899738,2583
243,243,1273186079,3992527696,1920
244,244,1095254559,1187912485,2280
245,245,1303081701,4157458978,1302
246,246,1164455560,2785253948,2583
247,247,1079738495,1428566719,2280
248,248,1282746520,4058938576,2583
249,249,1277807985,4026260136,2583
250,250,1273780308,3992809817,1920
251,251,1219646174,3477131757,2705
252,252,1293150204,4116739880,2060
253,253,1026816778,569556655,2280
254,254,1277222266,4021174690,2522
255,255,942085828,207489280,2583
256,256,1294432784,4122741996,2583
257,257,940353890,176445675,2522
258,258,1285183689,4066274148,2060
259,259,1117503315,1974801051,1160
260,260,1167047844,2828753736,10
261,261,1245190413,3789534937,2583
262,262,1252627679,3850328518,2583
263,263,1286750962,1786889926,2280
264,264,1271063285,3974956001,1160
265,265,1190251085,2832752187,2583
266,266,1024529404,543183691,1140
267,267,1304049508,4160812975,1302
268,268,1278095953,4029525346,2583
269,269,1245135446,3776794141,2583
270,270,1304162474,4161247555,2280
271,271,1011892804,456182185,10
272,272,1316186855,4200876706,1160
273,273,1323109538,4231819138,1920
274,274,1121034894,2018328976,2280
275,275,1239448776,303783198,1560
276,276,1105978893,1418027735,2280
277,277,1003845722,394915368,2280
278,278,1299839425,4143423352,2060
279,279,1313354603,4197666809,1160
280,280,891727975,138459513,1160
281,281,1240550764,3748041478,2280
282,282,1222015991,3558757378,2280
283,283,848476045,79399458,1302
284,284,1250920940,3836749494,1300
285,285,1121279360,243868825,1302
286,286,1149450149,2036108212,2280
287,287,940329033,201284524,40
288,288,1192148823,3122641046,2583
289,289,1240225906,3745004636,1560
290,290,1265216856,3929900632,2583
291,291,885589304,131355926,2280
292,292,1007614264,435176749,2280
293,293,1310278657,4183355759,2522
294,294,1308891343,278405276,2280
295,295,970734615,259563185,2280
296,296,1295100105,4122277125,1302
297,297,1283860159,4061620300,2582
298,298,1137784678,2342941544,2280
299,299,1205825849,3312189768,2583
300,300,1250947072,3836750472,2060
301,301,969929038,258074171,2522
302,302,906484606,150925345,2522
303,303,1231476373,3649684787,2705
304,304,1252585807,3850028706,2583
305,305,1267273363,3942394523,2060
306,306,1098663661,1691406723,2280
307,307,940537781,138768184,1160
308,308,1307523436,4171429532,2060
309,309,1321073663,4221737517,2583
310,310,1240164527,3743864682,2583
311,311,1261554366,3900585319,2583
312,312,1307371346,4171236156,50
313,313,1096176836,1647678863,1920
314,314,1071308568,1286145863,2705
315,315,1075711268,1351973084,2583
316,316,1307365723,4171235635,1160
317,317,1269836191,3962805081,2522
318,318,1203569955,3278926234,1160
319,319,1243658994,3775275039,2583
320,320,1267261282,3813572006,2583
321,321,1280486353,4045073100,1300
322,322,941756329,17906158,2280
323,323,1257221686,3879886284,10
324,324,1323888695,4234091430,2583
325,325,1276524212,4014004300,2583
326,326,835871976,70156940,1140
327,327,1275089367,4004075165,1920
328,328,937382429,197637449,1160
329,329,1028857289,588600097,2280
330,330,1301106754,4150670960,2280
331,331,1059017994,1090315350,2583
332,332,1053407139,1031198878,1160
333,333,1283510200,4061479360,2060
334,334,1056656323,1073119558,2522
335,335,926393437,178532848,1160
336,336,1088243408,1535190098,10
337,337,1321165382,4226619047,1160
338,338,696354130,57694013,1160
339,339,1281911450,4050714641,1302
340,340,1312153507,4193611940,2280
341,341,1190252612,2832752202,2583
342,342,1225889682,1254094278,2583
343,343,1313351003,4197513936,1302
344,344,1278986985,4037797554,2060
345,345,1257152454,3879365565,2585
346,346,1181883047,3004651000,1140
347,347,1192164379,3122723247,1302
348,348,1204227409,3287243495,1160
349,349,1007391378,416656256,2280
350,350,922611140,110014299,2280
351,351,1232184381,3657882042,40
352,352,1213144747,3437540266,1160
353,353,989640656,296803864,1160
354,354,1075067101,1344039786,10
355,355,987667770,294487409,2583
356,356,1261173726,3898707846,1160
357,357,976142880,275032700,2280
358,358,493967495,51517294,1160
359,359,1255143917,3868751676,40
360,360,895497061,89658456,10
361,361,1204320618,3288051881,1160
362,362,1025231310,436182917,2280
363,363,1240849148,3750097532,1160
364,364,1066923754,1173197707,1300
365,365,1253216101,3854772679,1560
366,366,1243386096,3773726812,2583
367,367,322373840,47089719,1160
368,368,879383022,124780160,1280
369,369,1239450606,782648980,1560
370,370,1279510563,4037939374,1560
371,371,918761209,164096829,1160
372,372,1094979554,1631057381,2705
373,373,1110810102,1904422813,40
374,374,1093229354,941549174,1300
375,375,1073717173,1324193385,2280
376,376,1155138450,2649520221,2583
377,377,954960741,186911329,40
378,378,983105525,286563921,2280
379,379,1267235657,3942390904,2060
380,380,1283535705,4061583816,2060
381,381,1003691342,396971888,1160
382,382,1250208641,3830930441,2583
383,383,874728161,82614930,2280
384,384,1294478852,4122747429,2280
385,385,1127841561,2126647953,2583
386,386,1300220851,4145197339,2220
387,387,1212057219,3415716362,2280
388,388,1279087777,4037091845,1920
389,389,1298564599,4139341193,1300
390,390,1221150569,3550542956,2583
391,391,782081455,62114077,2280
392,392,1056003895,1064924544,2705
393,393,1200045133,3240234452,1160
394,394,891725531,138457897,40
395,395,1267986041,3944993345,2583
396,396,1182124517,3000101918,1160
397,397,1139162966,2379124886,2280
398,398,1121334084,2026155532,2280
399,399,1316105946,4200869711,1160
400,400,1283496361,4061580991,2060
401,401,1100068291,1711728483,2280
402,402,1314103477,4186148972,1302
403,403,1304911562,4164086965,10
404,404,1283944214,4061634048,2583
405,405,1244326109,3782771541,2583
406,406,1241398891,3756588309,2583
407,407,1276013372,4010222811,1280
408,408,1228280864,3496066786,2280
409,409,850384153,81977419,1160
410,410,1315091632,4187137074,2280
411,411,1185105205,3018066115,2280
412,412,1243785532,3775997570,2583
413,413,1191096005,3101490636,1560
414,414,1307000006,4170276277,2060
415,415,1260388431,3893245820,1302
416,416,1227020456,3605695597,2280
417,417,1299289407,4141949746,2905
418,418,1301408871,4151256914,1160
419,419,1027264549,570630369,2280
420,420,910256552,154460397,1140
421,421,1302528151,4155420872,1302
422,422,1240852622,3750102177,1160
423,423,1244536084,3784729428,2582
424,424,1004008510,401112602,1160
425,425,1145228028,2493283528,2583
426,426,1305525403,4165984262,1300
427,427,1027298781,570649004,2280
428,428,1195077784,3157743293,1160
429,429,1193422508,3140906340,1160
430,430,1008075084,435889054,2280
431,431,1077951396,1387998978,2280
432,432,1307497498,4170895392,2583
433,433,1263008444,3913253853,1280
434,434,1156008301,2233035944,2280
435,435,909621141,154030485,2583
436,436,1127470652,2123294295,2280
437,437,1313559538,4199252898,2280
438,438,1257426820,3881320463,2060
439,439,1261420127,3898726269,1920
440,440,1144253777,2469705848,2280
441,441,1265209865,3929890139,2583
442,442,1243659107,3775275175,2583
443,443,864848463,106541939,1160
444,444,874516803,120376169,2280
445,445,1277250340,4021564520,2522
446,446,1121420019,2035478884,2583
447,447,1046757020,878717445,2280
448,448,1299180866,4141771110,1560
449,449,1258852075,3887561359,1920
450,450,1307372185,4171236187,1280
451,451,1244495453,3784884463,1560
452,452,1211605284,3405156910,2280
453,453,1053581814,1035087425,1160
454,454,1257847801,3883192688,1920
455,455,1312975401,4197250068,2522
456,456,1267652442,3943822774,1280
457,457,1321072692,4221737396,1160
458,458,1174592827,2940640389,2585
459,459,1242976252,3768605326,1160
460,460,1190251325,2667337972,2583
461,461,1273537324,3992748661,1920
462,462,1025669128,553936919,1560
463,463,1283860933,4061620329,2582
464,464,1260267725,3893192060,2583
465,465,1043204134,847379484,2280
466,466,1275460684,4006485511,2280
467,467,1271791061,3981166645,1280
468,468,1217174021,3490668114,40
469,469,846076335,35730550,2280
470,470,1136996961,2336117475,1920
471,471,1132104336,2220239462,2583
472,472,1145351942,2494062428,2522
473,473,1149215208,2555514882,2280
474,474,1311192575,4184450779,1160
475,475,1225869077,3589475893,1160
476,476,1260353983,3893244147,1302
477,477,1244541487,3785188049,2583
478,478,941676224,207196191,2583
479,479,1167052353,2826416325,1280
480,480,1131988401,2216617714,2280
481,481,973607526,269653862,1160
482,482,1009309621,440687010,2280
483,483,1190258145,1876686975,2583
484,484,1254988707,3867145051,2280
485,485,1264218078,3924749012,2583
486,486,1275623357,4007155517,2280
487,487,1275497838,4006489178,2583
488,488,1078818539,1409595832,2705
489,489,1048352749,869119616,2522
490,490,1103032960,1777009468,2583
491,491,1105987463,1859425541,1160
492,492,940543690,152993898,2585
493,493,870849765,115491944,10
494,494,1192055546,3120609209,1302
495,495,1284186137,4063437215,1920
496,496,1247994901,3814001041,2583
497,497,1271234569,3976409876,2280
498,498,1105410935,1848933877,2280
499,499,911165253,153365144,2583
500,500,973606243,269653777,2522
501,501,1306835964,4168956827,1560
502,502,1318665321,4216251926,2060
503,503,928328645,181663381,2522
504,504,975378660,273718203,2280
505,505,1039765868,801211794,1160
506,506,1299148982,4139568496,2583
507,507,875028833,120865173,2280
508,508,1261422736,3898727025,1920
509,509,1257462224,3881468809,1302
510,510,1274759509,105318321,2280
511,511,1275677789,4006528669,1302
512,512,1187182858,3045809458,2583
513,513,1227164751,3607251109,2583
514,514,1258888354,3887570546,1920
515,515,1311054722,4182118051,1302
516,516,1188538835,3067204192,2583
517,517,1076486471,1363928603,1160
518,518,1235990828,441629330,2280
519,519,1233923735,3682543386,1302
520,520,1239367412,3737376798,1160
521,521,1190310674,3091182786,1302
522,522,1023325144,535993218,1302
523,523,1312316909,4194022096,2060
524,524,1145982559,2500885472,2280
525,525,1314378147,4202301722,2585
526,526,1026780405,569541234,2280
527,527,1317828762,4213274833,2060
528,528,1156925692,2678801974,2583
529,529,1234473354,3684691777,1560
530,530,958498859,228094884,1160
531,531,1278224608,4030623068,1560
532,532,1144458581,2482252056,1160
533,533,1068735764,1199537335,1160
534,534,990526348,297605203,1160
535,535,1163869223,2769440489,2280
536,536,1320171591,4215438757,2583
537,537,845397343,74183988,2280
538,538,1008015386,435891140,2280
539,539,1308868310,4177840549,2522
540,540,988509787,295660632,2522
541,541,1266671208,3939548241,1560
542,542,1244540612,3785187511,2583
543,543,1152227475,2602212874,2583
544,544,1310548748,4182254688,2280
545,545,1275120494,4003655068,50
546,546,1211983038,3414348114,2583
547,547,1254895241,193416051,2705
548,548,1208586855,3359172441,2583
549,549,941677146,207258088,2583
550,550,1264897191,3928053791,1560
551,551,351203051,48548573,1140
552,552,1293353774,4104760975,2583
553,553,926926740,179387036,1160
554,554,1307786263,4151315630,1302
555,555,1137534872,2345162946,1302
556,556,1215521248,3470059754,40
557,557,1007363637,416620594,2280
558,558,1304034405,4160809792,2583
559,559,1138220867,2361558903,2280
560,560,956373347,138767398,2585
561,561,1247487713,3810822721,1560
562,562,1008065661,435923327,2280
563,563,1309024225,4179114512,2280
564,564,1124740737,2081513432,2705
565,565,1118915083,1989300834,2522
566,566,1121397674,2032708642,1160
567,567,1240564877,3590410318,10
568,568,971204556,261572565,2280
569,569,1306534946,4167075243,2522
570,570,1248845286,3817901964,1160
571,571,1020564813,519911662,1160
572,572,1027318943,570719265,2280
573,573,1295220759,4125633537,2583
574,574,1253489331,3856527499,40
575,575,1262331063,3906638437,2522
576,576,1006796424,428381887,2280
577,577,875707963,64360600,2280
578,578,1089458092,1553194218,2583
579,579,971648254,262873346,2522
580,580,1273815067,3995331885,1302
581,581,1254567873,3862808626,1560
582,582,1307819768,4172827037,1300
583,583,1265220454,3928152233,1160
584,584,1100066810,1711736554,40
585,585,969928247,258076814,2522
586,586,1278613189,4036140794,2522
587,587,1262583769,3908518303,2583
588,588,1103934356,1822773651,2280
589,589,1258683158,3885554300,1920
590,590,1307455830,4168852080,40
591,591,644925761,55478370,2060
592,592,1248848797,3817903552,2522
593,593,1128724289,2153837117,2705
594,594,962997146,242271957,1302
595,595,1264893257,3928052001,2522
596,596,1248415975,3814872653,1160
597,597,1096052015,1548293513,1302
598,598,1313498699,4197527878,2280
599,599,1245216584,3789602455,1280
600,600,1312260176,4193805130,2522
601,601,1287479010,4076879197,2583
602,602,1163061475,2763460503,2280
603,603,1313402252,4197671189,1300
604,604,1265347956,3930251949,2522
605,605,1161850687,2744085411,2280
606,606,1318317344,1951685669,2060
607,607,1103091365,1811583625,2280
608,608,1313460235,4197679586,2583
609,609,1324093973,4236042062,2583
610,610,1265204755,3929889983,50
611,611,1134177075,2275732341,2280
612,612,1044083387,856309029,2060
613,613,1093938350,1607576885,2280
614,614,1104355608,471571540,2705
615,615,1299697008,4143428876,2583
616,616,949548201,212096295,40
617,617,1264050808,3923104458,2583
618,618,1273325202,3992614935,1920
619,619,1203345358,3274259523,1160
620,620,852888503,83771820,1160
621,621,1203464765,3277811237,1300
622,622,1135788756,2313282280,10
623,623,1323332959,4231757616,2280
624,624,961895245,238789845,1160
625,625,1072713116,518196960,2280
626,626,1226381382,3597894578,2280
627,627,1101763796,1777394285,2280
628,628,1273218387,3992590108,1920
629,629,986941888,293305833,1302
630,630,1277377618,4022733697,2280
631,631,1279024301,4037574792,2280
632,632,1323681215,4234147158,40
633,633,1268358443,3948935762,1160
634,634,852641516,83642536,2280
635,635,1240109390,3743370087,1160
636,636,158554130,1288702,2705
637,637,1256088220,3873129743,1920
638,638,1025842816,555590271,40
639,639,1269779475,3962606052,2582
640,640,1301153007,4150940710,1160
641,641,1254484989,3859879168,1160
642,642,1252121674,3846831521,2060
643,643,1316148031,4200874161,2522
644,644,1252627721,3850328563,2583
645,645,1241408903,3756593639,2280
646,646,1164498547,2786150057,2583
647,647,936155341,191665994,2705
648,648,1268540026,3220924244,2705
649,649,1324064722,4236041641,1160
650,650,1243660136,3775276245,2583
651,651,526081430,52858440,2705
652,652,1238295008,3727586520,2583
653,653,1313602736,4198476975,2583
654,654,1258501013,3885566893,1302
655,655,898115107,144194674,2280
656,656,949396447,212375872,1280
657,657,1273327522,3992562367,1920
658,658,934233885,192097598,1140
659,659,909447584,153813416,2583
660,660,1287506628,4076596301,1920
661,661,1233819174,3682501216,2522
662,662,1282557838,4057546968,1302
663,663,1099440252,1703186778,2280
664,664,993204781,114200770,2280
665,665,1112295898,1922746157,2583
666,666,1027334814,570671981,2280
667,667,1192042945,3120528931,1160
668,668,1099487537,1703740171,1160
669,669,1236934740,3716121080,2905
670,670,948802825,211546080,2280
671,671,1104248822,1819878288,2583
672,672,1253163010,3855209596,2522
673,673,964709730,246942785,1140
674,674,1146385555,1988149537,2280
675,675,1267317301,3942385476,1560
676,676,1267872105,3107404314,1920
677,677,1265081214,3929342873,1560
678,678,846386454,75675772,1160
679,679,1308866450,1562777132,2280
680,680,1323286646,4231691407,1302
681,681,893775239,141667411,2280
682,682,1064838619,1142804722,1160
683,683,1298542824,4139983586,1560
684,684,1271081281,3974956367,2583
685,685,1273065090,3992504360,1920
686,686,1256505735,3874388612,2280
687,687,1212700371,3432461090,2583
688,688,1279032210,4037876088,2583
689,689,1168623018,2862094700,2280
690,690,1273316213,3992560222,1920
691,691,1096073691,1645269148,10
692,692,1061078456,1100198080,2060
693,693,1323323506,4231733947,2583
694,694,1100070665,1711735991,2280
695,695,1261171538,3898707185,2583
696,696,1255144861,3868342015,2280
697,697,1310370887,4183699702,2583
698,698,1289142439,4085980827,1302
699,699,1313039194,4197486662,2585
700,700,1244418980,3783632559,60
701,701,1026888765,569623614,2280
702,702,1100250720,1063491,2583
703,703,1283276770,4053060785,2280
704,704,1192057036,3120611162,1320
705,705,1138020249,2358080145,2585
706,706,1253952730,3859436173,1920
707,707,1295434360,4126737907,1302
708,708,1261415248,3898724016,2522
709,709,1075711284,1351973064,2583
710,710,1051761555,981229563,2583
711,711,1252627362,3850328386,2583
712,712,961654581,238188159,1920
713,713,971427098,262163921,1160
714,714,1199457064,3225979928,1160
715,715,1318693125,4217952702,2060
716,716,1211237144,3393793409,2280
717,717,1234540665,3685963202,1160
718,718,1287990228,4079553954,2280
719,719,1275785788,4008768558,2585
720,720,1143504526,1579085450,1300
721,721,1298326262,4130368793,2583
722,722,1216089875,3477300122,1302
723,723,1240636989,3716895130,2280
724,724,971371809,262041682,40
725,725,1158120735,2695197359,1560
726,726,1321511253,4227441865,1160
727,727,1099122996,1668348800,2280
728,728,1015832404,490561051,2583
729,729,1094847149,1629867415,2583
730,730,1206107647,3320086997,1560
731,731,1285946942,4071652152,2060
732,732,1316277574,4200881960,1160
733,733,1301011897,4150114275,2583
734,734,1058183800,1087313370,2583
735,735,1281841047,4053422733,2522
736,736,1146417856,2517027140,2060
737,737,949385174,212342901,2583
738,738,1255764281,3871050615,1160
739,739,1177467160,2974269957,2705
740,740,1052040310,979156974,2583
741,741,1279793052,4041644262,40
742,742,1257473737,3881701536,1920
743,743,871892704,116935824,2280
744,744,1158029078,2678248431,1160
745,745,1250963970,3836819798,1300
746,746,1289895899,4089740976,2583
747,747,1303274570,4157385827,2522
748,748,1114541531,1931396545,1160
749,749,1321336284,4227069544,2280
750,750,1259368813,3887633132,1302
751,751,1188458833,3064958512,2583
752,752,1167001788,2824168981,2583
753,753,893236840,141064188,10
754,754,850818618,81493717,2280
755,755,1246373066,3798818848,1302
756,756,1064482931,1137869559,2583
757,757,1166124714,2810125055,1920
758,758,1132101348,2220199441,2583
759,759,1239803517,3740659971,1160
760,760,950513807,213773634,2705
761,761,1275709667,4006536909,2060
762,762,1168025142,2850140868,1160
763,763,980647178,283873883,2280
764,764,1317008580,4211513971,1302
765,765,1302257771,4153279176,1302
766,766,931554233,186136371,2280
767,767,939740866,202412673,2280
768,768,1252539324,3849955078,2280
769,769,1188206585,8663151,2280
770,770,1011780592,454379251,2280
771,771,903332923,135371239,2705
772,772,1125462945,2091364737,1160
773,773,1323217823,4231848295,1920
774,774,1279013739,4037801131,1920
775,775,1211983076,3414348149,2583
776,776,1312402437,4194030387,2060
777,777,883953980,128980609,2583
778,778,1026922112,569716461,2280
779,779,1309996103,4181947657,1160
780,780,993457961,301455655,1160
781,781,1037282604,727116806,2280
782,782,1248473157,3814969279,1920
783,783,1310116054,4182219258,2583
784,784,1283692360,4061598776,1302
785,785,920881525,167487661,2585
786,786,1241991413,3761329148,2280
787,787,1299275880,4141673921,2585
788,788,1254981828,3866964725,40
789,789,978862213,153724738,2583
790,790,1245944401,3795729936,2582
791,791,998334794,334560449,1302
792,792,1098807155,1696640188,1160
793,793,1276223787,4012178886,2585
794,794,1309328870,4180241206,2582
795,795,977864036,278548613,2705
796,796,1285696927,4069697679,2583
797,797,1293367156,4104750210,2583
798,798,1007762468,435137940,2280
799,799,1008152748,436071147,2280
800,800,1008142142,436063868,2280
801,801,1296943384,191838530,40
802,802,1314589254,4202305474,2280
803,803,885829357,131717901,2280
804,804,682705820,56822096,1160
805,805,1223584555,3582304827,2583
806,806,1310865498,4184607858,2583
807,807,1105413979,1848933855,2280
808,808,1268740935,3936362825,2583
809,809,1027855833,577066422,2585
810,810,1144038712,2466694649,2280
811,811,933252862,190106248,2280
812,812,257493465,8262815,1300
813,813,1041189123,824466550,2585
814,814,1266736850,3939967256,2280
815,815,1136544238,2332095813,2583
816,816,1188522223,3067034544,2583
817,817,1213730922,3452628633,2280
818,818,1191236792,3101210105,2583
819,819,1275631304,4007155834,1280
820,820,1258901048,3887774227,2583
821,821,1066930651,1173353265,2583
822,822,987467642,294299301,1160
823,823,887360685,132500210,1160
824,824,1309329386,4180375451,2583
825,825,1007999752,435874232,2280
826,826,1026347418,563050663,1160
827,827,1144142084,2476490071,2583
828,828,1174591844,2940640165,2583
829,829,975150134,72237577,2280
830,830,1308835802,542182841,2280
831,831,1261165419,82796628,2280
832,832,1253097479,3854887035,1302
833,833,1244540455,3785187467,2583
834,834,1252627338,3850328377,2583
835,835,1158121444,2695198617,1160
836,836,972100952,261718774,2280
837,837,1282357991,4056050830,2585
838,838,1254734124,3864840783,1160
839,839,950425398,213667616,2582
840,840,1279119311,4037579638,1560
841,841,1026791083,569550693,2280
842,842,1320102491,4215360944,2583
843,843,1237102771,2978445384,1560
844,844,991124356,298512662,2280
845,845,1311417519,4187119879,2583
846,846,1280817333,150380537,2705
847,847,1088676364,1538728814,1160
848,848,1267348477,3942386665,1302
849,849,1241666961,3759333429,2583
850,850,1117565839,1473215844,2705
851,851,1257150915,3879365301,2280
852,852,1276006111,4010222138,1280
853,853,1009677481,194944971,2705
854,854,1328354165,4250985094,1160
855,855,1264037725,3923168931,2060
856,856,966834828,253663862,2585
857,857,1077259517,143745354,10
858,858,1008197440,436080400,2280
859,859,1192083339,1967366000,2705
860,860,1045062342,865086199,2280
861,861,683954311,57128030,2705
862,862,1310066272,4181959836,1160
863,863,1161800379,2743313278,2583
864,864,1283774440,4061612002,2585
865,865,1311590765,1829018624,2705
866,866,1184381440,3015632964,2583
867,867,1039663880,800135258,2522
868,868,1301557854,4150999262,2583
869,869,1247488184,3810823339,1560
870,870,1074345830,1334277216,1160
871,871,1307837831,4172829230,1302
872,872,981990556,285434199,2583
873,873,1252894036,3852885008,2280
874,874,975977097,274984708,2280
875,875,737851161,60172649,10
876,876,1093652100,1322896,2585
877,877,1237277863,3716306158,1302
878,878,1265863033,3935338741,2583
879,879,1100064150,1711734470,2280
880,880,1232369520,3660534492,2583
881,881,1104736714,1839438270,2583
882,882,1163868391,2769113173,2280
883,883,1269500656,3959363598,1302
884,884,1250936203,3836749869,2060
885,885,990791070,298019974,2583
886,886,1254885316,3866820638,2060
887,887,1250930536,3836735133,1280
888,888,1253472819,3856810223,2585
889,889,1265209189,3929867976,1302
890,890,987705515,294238925,2705
891,891,1286531524,4074816496,1560
892,892,1053578923,1035062887,1160
893,893,1257708120,3881793773,2280
894,894,1307881686,4172855065,2585
895,895,1305143982,4164672032,2522
896,896,1149366381,2557846235,2280
897,897,1092313568,1548294465,2522
898,898,1281997434,4050750213,2280
899,899,1188698374,3070628123,2583
900,900,1166900186,2826063785,2583
901,901,1292433825,4108913554,1560
902,902,1230674666,3640421795,40
903,903,1276964142,4018533669,10
904,904,1316280649,4200882135,1160
905,905,1213028143,3439110654,2583
906,906,1077626395,1376557483,2583
907,907,1191640772,1161967668,2583
908,908,1097096101,1666315089,2583
909,909,1275641420,4007156403,1302
910,910,1261415306,3898724065,2522
911,911,1252948373,3854262238,1302
912,912,1157596524,2686949800,2583
913,913,1307416292,4171505043,2280
914,914,1236670988,3952122533,2585
915,915,1083216592,83888582,2280
916,916,1305757200,4166642597,2522
917,917,884496659,129809790,40
918,918,1301533355,4151263676,1302
919,919,1269730594,3962285828,2583
920,920,1023592938,525079889,1160
921,921,1304041291,4160811738,2583
922,922,1128320456,2141898196,2280
923,923,1110750589,1901447758,1302
924,924,1009075193,439706821,10
925,925,1287287066,4074469606,2582
926,926,1154987800,2646579426,2583
927,927,1169986644,2889372483,2583
928,928,1087766873,278536980,2705
929,929,1237180184,3716580313,2280
930,930,1054072297,1035036553,2280
931,931,901569589,146900455,1160
932,932,450840330,50292005,1160
933,933,1275609312,4006500599,2583
934,934,1260304262,3893329037,2583
935,935,931361182,185935391,2522
936,936,1260480575,3893886625,2280
